Исходный URL,Тип,Статус,Источник
https://cosmatica.org/about/11-polozhenie-o-strukture-rko.html,about-page,not_found_404,xml:sitemap_content_about.xml
https://cosmatica.org/about/15-otkrytoe-pismo-prezidentu.html,about-page,not_found_404,xml:sitemap_content_about.xml
https://cosmatica.org/about/8-ustav-russkogo-kosmicheskogo-obschestva.html,about-page,not_found_404,xml:sitemap_content_about.xml
https://cosmatica.org/about/pismoprezidentu.html,about-page,not_found_404,xml:sitemap_content_about.xml
https://cosmatica.org/articles/100-noosferno-kosmicheskaja-ustoichivost-razvitija-i-noo-konstitucija-chelovechestva.html,article,not_found_404,xml:sitemap_content_articles.xml
https://cosmatica.org/articles/1000-globalnoe-sozdanie-chelovechestva-v-fokuse-zerkalnogo-teleskopa-kozyreva.html,article,not_found_404,xml:sitemap_content_articles.xml
https://cosmatica.org/articles/1001-uplotnenie-energii-vremeni-kak-kosmoplanetarnyi-fenomen-prostranstva-kozyreva.html,article,not_found_404,xml:sitemap_content_articles.xml
https://cosmatica.org/articles/1034-dela-i-sobytija-rko.html,article,not_found_404,xml:sitemap_content_articles.xml
https://cosmatica.org/articles/1040-sobstvennaja-setevaja-platforma-russkogo-kosmicheskogo-obschestva-nbics-merkulov-a-a.html,article,not_found_404,xml:sitemap_content_articles.xml
https://cosmatica.org/articles/1085-deklaracija-sezda-buduschih-molodyh-i-mnogodetnyh-semei-nacionalnoe-dostojanie.html,article,not_found_404,xml:sitemap_content_articles.xml
https://cosmatica.org/articles/1094-proekty-rko-klinok.html,article,not_found_404,xml:sitemap_content_articles.xml
https://cosmatica.org/articles/1101-noosferno-kosmicheskie-instrumenty-formirovanija-nashego-buduschego.html,article,not_found_404,xml:sitemap_content_articles.xml
https://cosmatica.org/articles/162-kolybel-dlja-zolotogo-fonda.html,article,not_found_404,xml:sitemap_content_articles.xml
https://cosmatica.org/articles/163-noosfernoe-obrazovanie-strategicheskii-resurs-obschestva.html,article,not_found_404,xml:sitemap_content_articles.xml
https://cosmatica.org/articles/164-teorija-geneticheskogo-energoinformacionnogo-edinstva-mira.html,article,not_found_404,xml:sitemap_content_articles.xml
https://cosmatica.org/articles/165-noosfernaja-koncepcija-samosoznanija.html,article,not_found_404,xml:sitemap_content_articles.xml
https://cosmatica.org/articles/173-riski-ustoichivogo-razvitija-cifrovogo-obschestva.html,article,not_found_404,xml:sitemap_content_articles.xml
https://cosmatica.org/articles/177-modelirovanie-socialnoi-sistemy-dlja-ustoichivogo-razvitija.html,article,not_found_404,xml:sitemap_content_articles.xml
https://cosmatica.org/articles/234-noosfernoe-obrazovanie-dlja-ustoichivogo-razvitija-rossii.html,article,not_found_404,xml:sitemap_content_articles.xml
https://cosmatica.org/articles/39-energoinformacionnoe-vozdeistvie-narodnogo-uzora-na-vodu-i-rastenija.html,article,not_found_404,xml:sitemap_content_articles.xml
https://cosmatica.org/articles/403-informacionnaja-bezopasnost-detei-v-uslovijah-globalizacii.html,article,not_found_404,xml:sitemap_content_articles.xml
https://cosmatica.org/articles/42-osnovy-obrazovanija-znakov-russkogo-narodnogo-uzora.html,article,not_found_404,xml:sitemap_content_articles.xml
https://cosmatica.org/articles/43-cennostnye-osnovanija-russkoi-civilizacii-kak-faktor-obespechenija-bezopasnosti-socialnyh-sistem.html,article,not_found_404,xml:sitemap_content_articles.xml
https://cosmatica.org/articles/46-principy-nenasilstvennogo-razvitija.html,article,not_found_404,xml:sitemap_content_articles.xml
https://cosmatica.org/articles/566-preodolenie-stressa-futuroshoka-posredstvom-formirovanija-sistemnogo-myshlenija-molodyozhi.html,article,not_found_404,xml:sitemap_content_articles.xml
https://cosmatica.org/articles/580-kosmichesoke-zhenskoe-poslanie-kak-faktor-formirovanija-povestki-ustoichivogo-razvitija.html,article,not_found_404,xml:sitemap_content_articles.xml
https://cosmatica.org/articles/588-pokazateli-aktivnosti-mozga-operatora-pri-nahozhdenii-v-zerkalah-mniika-mega-galaxy.html,article,not_found_404,xml:sitemap_content_articles.xml
https://cosmatica.org/articles/616-sistemonomija-v-russkom-kosmicheskom-obschestve.html,article,not_found_404,xml:sitemap_content_articles.xml
https://cosmatica.org/articles/65-obschestvenno-gosudarstvennoe-partnyorstvo.html,article,not_found_404,xml:sitemap_content_articles.xml
https://cosmatica.org/articles/734-problemy-formirovanija-kreativnogo-klassa-v-uslovijah-cifrovizacii-socialno-ekonomich-processov.html,article,not_found_404,xml:sitemap_content_articles.xml
https://cosmatica.org/articles/740-chelovek-kak-funkcija-vremeni-v-prostranstve-kozyreva.html,article,not_found_404,xml:sitemap_content_articles.xml
https://cosmatica.org/articles/775-nauchnaja-obrazovatelnaja-i-izdatelskaja-dejatelnost-russkogo-kosmicheskogo-obschestva.html,article,not_found_404,xml:sitemap_content_articles.xml
https://cosmatica.org/articles/864-formirovanie-politicheskoi-infrastruktury-bezopasnogo-razvitija-socialnyh-sistem.html,article,not_found_404,xml:sitemap_content_articles.xml
https://cosmatica.org/articles/882-nauchnoe-mirovozzrenie-fundamentalnaja-osnova-proektirovanija-buduschego-kosmicheskoi-ery.html,article,not_found_404,xml:sitemap_content_articles.xml
https://cosmatica.org/articles/885-ekaterina-evgenevna-zvonova-v-gostjah-u-kluba-sofija-filosofskii-razgovor.html,article,not_found_404,xml:sitemap_content_articles.xml
https://cosmatica.org/articles/890-chto-takoe-noosfernoe-obrazovanie.html,article,not_found_404,xml:sitemap_content_articles.xml
https://cosmatica.org/articles/891-preimuschestva-bioadekvatnyh-uchebnikov.html,article,not_found_404,xml:sitemap_content_articles.xml
https://cosmatica.org/articles/892-kak-vklyuchit-sobstvennyi-detektor-istiny-nravstvennost-v-noosfernom-vospitanii.html,article,not_found_404,xml:sitemap_content_articles.xml
https://cosmatica.org/articles/893-prirodosoobraznost-princip-sledovanija-zakonam-prirody-cheloveka-mira.html,article,not_found_404,xml:sitemap_content_articles.xml
https://cosmatica.org/articles/949-russkoe-kosmicheskoe-obschestvo-2035.html,article,not_found_404,xml:sitemap_content_articles.xml
https://cosmatica.org/articles/965-obezlichennost-kak-faktor-formirovanija-totalitarnogo-obschestva.html,article,not_found_404,xml:sitemap_content_articles.xml
https://cosmatica.org/articles/973-apodikticheskie-osnovy-mirovozzrenija-dlja-kosmoproryva.html,article,not_found_404,xml:sitemap_content_articles.xml
https://cosmatica.org/articles/984-platformennaja-paradigma-upravlenija-socialno-ekonomicheskimi-sistemami-v-osobyi-period.html,article,not_found_404,xml:sitemap_content_articles.xml
https://cosmatica.org/articles/999-dinamika-energo-adaptacionnogo-potenciala-cheloveka-vo-vzaimodeistvii-s-kosmicheskoi-sredoi.html,article,not_found_404,xml:sitemap_content_articles.xml
https://cosmatica.org/collegium/11-redakcionnyi-sovet.html,collegium-item,not_found_404,xml:sitemap_content_collegium.xml
https://cosmatica.org/collegium/20-sovet-po-biologii-i-medicine.html,collegium-item,not_found_404,xml:sitemap_content_collegium.xml
https://cosmatica.org/collegium/7-sovet-bezopasnosti.html,collegium-item,not_found_404,xml:sitemap_content_collegium.xml
https://cosmatica.org/collegium/8-sovet-mudrecov.html,collegium-item,not_found_404,xml:sitemap_content_collegium.xml
https://cosmatica.org/departments/12-saratovskaja-oblast.html,department,not_found_404,xml:sitemap_content_departments.xml
https://cosmatica.org/departments/15-predstavitelstvo-v-italii.html,department,not_found_404,xml:sitemap_content_departments.xml
https://cosmatica.org/departments/17-smolenskaja-oblast.html,department,not_found_404,xml:sitemap_content_departments.xml
https://cosmatica.org/departments/25-stavropolskii-krai.html,department,not_found_404,xml:sitemap_content_departments.xml
https://cosmatica.org/departments/26-samarskaja-oblast.html,department,not_found_404,xml:sitemap_content_departments.xml
https://cosmatica.org/departments/27-rjazanskaja-oblast.html,department,not_found_404,xml:sitemap_content_departments.xml
https://cosmatica.org/departments/28-sahalinskaja-oblact.html,department,not_found_404,xml:sitemap_content_departments.xml
https://cosmatica.org/departments/3-predstavitelstvo-v-kazahstane.html,department,not_found_404,xml:sitemap_content_departments.xml
https://cosmatica.org/departments/31-sevastopolskoe-otdelenie.html,department,not_found_404,xml:sitemap_content_departments.xml
https://cosmatica.org/direction.html,direction.html,not_found_404,xml:sitemap_content_pages.xml
https://cosmatica.org/library/376-neo-noosfera-v-prostranstve-kozyreva-kaznacheeva.html,book,not_found_404,xml:sitemap_content_library.xml
https://cosmatica.org/library/38-rol-rabot-e-v-ilenkova-v-razrabotke-sistem-zhizneobespechenija.html,book,forbidden_403,xml:sitemap_content_library.xml
https://cosmatica.org/library/380-periodicheskaja-sistema-vseobschih-zakonov-mira.html,book,not_found_404,xml:sitemap_content_library.xml
https://cosmatica.org/library/383-periodicheskaja-sistema-obschih-zakonov-chelovecheskogo-obschestva.html,book,not_found_404,xml:sitemap_content_library.xml
https://cosmatica.org/library/384-periodicheskaja-sistema-obschih-zakonov-poznanija-i-postizhenija.html,book,not_found_404,xml:sitemap_content_library.xml
https://cosmatica.org/library/385-periodicheskaja-sistema-zakonov-obrazovanija.html,book,not_found_404,xml:sitemap_content_library.xml
https://cosmatica.org/library/386-sistemonomija.html,book,not_found_404,xml:sitemap_content_library.xml
https://cosmatica.org/library/393-obschaja-cel-razvitija-chelovechestva-i-biosfery-nauchnye-osnovanija-proektirovanija-buduschego.html,book,not_found_404,xml:sitemap_content_library.xml
https://cosmatica.org/library/440-noosfernaja-etiko-ekologicheskaja-konstitucija-chelovechestva.html,book,not_found_404,xml:sitemap_content_library.xml
https://cosmatica.org/news/185-sistemonomicheskaja-transformacionnaja-igra-kvant-zhizni-dlja-vseh.html,news-item,not_found_404,xml:sitemap_content_news.xml
https://cosmatica.org/news/259-noosfernomu-obrazovaniyu-v-chuvashskoi-respublike-byt.html,news-item,not_found_404,xml:sitemap_content_news.xml
https://cosmatica.org/news/276-sistemonomicheskie-chtenija-pamjati-b-e-bolashkova.html,news-item,not_found_404,xml:sitemap_content_news.xml
https://cosmatica.org/news/291-sostojalsja-zimnii-seminar-celostnoe-myshlenie.html,news-item,not_found_404,xml:sitemap_content_news.xml
https://cosmatica.org/news/363-sostojalsja-vesennii-seminar-celostnoe-myshlenie.html,news-item,not_found_404,xml:sitemap_content_news.xml
https://cosmatica.org/news/400-sistemonomija-v-russkom-kosmicheskom-obschestve.html,news-item,not_found_404,xml:sitemap_content_news.xml
https://cosmatica.org/news/495-proshyol-seminar-po-noosfernomu-obrazovaniyu-i-razvitiyu.html,news-item,not_found_404,xml:sitemap_content_news.xml
https://cosmatica.org/news/517-ekodvor-v-dubne.html,news-item,not_found_404,xml:sitemap_content_news.xml
https://cosmatica.org/news/555-vyshlo-v-svet-2-e-izdanie-monografii-n-v-maslovoi-periodicheskaja-sistema-vseobschih-zakonov-mir.html,news-item,not_found_404,xml:sitemap_content_news.xml
https://cosmatica.org/news/556-otdelenie-sistemonomii-russkogo-kosmicheskogo-obschestva-izdalo-monografiyu-n-v-maslovoi-periodi.html,news-item,not_found_404,xml:sitemap_content_news.xml
https://cosmatica.org/news/558-festival-malenkogo-princa-proshyol-v-moskve.html,news-item,not_found_404,xml:sitemap_content_news.xml
https://cosmatica.org/news/627-ja-priehal-kak-pedagog-a-uezzhayu-kak-chelovek-kotoryi-nashyol-sebja.html,news-item,not_found_404,xml:sitemap_content_news.xml
https://cosmatica.org/news/646-uspeshno-zavershilsja-pervyi-etap-intensiva-cifrovaja-transformacija-2-0.html,news-item,not_found_404,xml:sitemap_content_news.xml
https://cosmatica.org/news/665-noosfernoe-obrazovanie-v-brjanske.html,news-item,not_found_404,xml:sitemap_content_news.xml
https://cosmatica.org/news/687-sistemonomija-nauchno-metodicheskii-seminar-rko.html,news-item,not_found_404,xml:sitemap_content_news.xml
https://cosmatica.org/news/706-rko-vstrechaetsja-s-roditeljami-uchenikov-v-lopatinskoi-shkole.html,news-item,not_found_404,xml:sitemap_content_news.xml
https://cosmatica.org/news/824-nauchnye-osnovy-celostnogo-myshlenija-dlja-prepodavatelei-vuzov-i-shkol.html,news-item,not_found_404,xml:sitemap_content_news.xml
https://cosmatica.org/news/834-novaja-kniga-dlja-lyudei-kosmoproryva.html,news-item,not_found_404,xml:sitemap_content_news.xml
https://cosmatica.org/news/881-teorija-mirozdanija.html,news-item,not_found_404,xml:sitemap_content_news.xml
https://cosmatica.org/news/882-celostnoe-myshlenie-seminar-dlja-prepodavatelei.html,news-item,not_found_404,xml:sitemap_content_news.xml
https://cosmatica.org/news/894-otkrytie-sistemy-estestvennyh-zakonov-russkogo-jazyka.html,news-item,not_found_404,xml:sitemap_content_news.xml
https://cosmatica.org/partners/13-noo-kulturnoe-razvitie-pokolenii.html,partner,not_found_404,xml:sitemap_content_partners.xml
https://cosmatica.org/partners/8-fond-pomoschi-i-razvitija-semei-rodnaja-semja.html,partner,not_found_404,xml:sitemap_content_partners.xml
https://cosmatica.org/poster/126-sistemonomija-dlja-obrazovanija.html,poster-item,not_found_404,xml:sitemap_content_poster.xml
https://cosmatica.org/poster/187-proekt-ekodvor.html,poster-item,not_found_404,xml:sitemap_content_poster.xml
https://cosmatica.org/poster/259-prostranstva-sotvorchestva.html,poster-item,not_found_404,xml:sitemap_content_poster.xml
https://cosmatica.org/poster/290-ix-sistemonomicheskie-chtenija.html,poster-item,not_found_404,xml:sitemap_content_poster.xml
https://cosmatica.org/poster/60-avtorskii-seminar-celostnoe-myshlenie-v-janvare.html,poster-item,not_found_404,xml:sitemap_content_poster.xml
https://cosmatica.org/poster/66-sistemonomicheskie-chtenija-pamjati-b-e-bolshakova.html,poster-item,not_found_404,xml:sitemap_content_poster.xml
https://cosmatica.org/projects/125,project,not_found_404,xml:sitemap_groups_profiles.xml
https://cosmatica.org/projects/127,project,not_found_404,xml:sitemap_groups_profiles.xml
https://cosmatica.org/projects/129,project,not_found_404,xml:sitemap_groups_profiles.xml
https://cosmatica.org/projects/132,project,not_found_404,xml:sitemap_groups_profiles.xml
https://cosmatica.org/projects/170,project,not_found_404,xml:sitemap_groups_profiles.xml
https://cosmatica.org/projects/194,project,not_found_404,xml:sitemap_groups_profiles.xml
https://cosmatica.org/projects/197,project,not_found_404,xml:sitemap_groups_profiles.xml
https://cosmatica.org/projects/chizhevskii,project,not_found_404,xml:sitemap_groups_profiles.xml
https://cosmatica.org/projects/kinouroki,project,not_found_404,xml:sitemap_groups_profiles.xml
https://cosmatica.org/projects/klinok,project,not_found_404,xml:sitemap_groups_profiles.xml
https://cosmatica.org/projects/maationok,project,not_found_404,xml:sitemap_groups_profiles.xml
https://cosmatica.org/projects/noo-constitution,project,not_found_404,xml:sitemap_groups_profiles.xml
https://cosmatica.org/projects/rkk,project,not_found_404,xml:sitemap_groups_profiles.xml
https://cosmatica.org/projects/rko2035,project,not_found_404,xml:sitemap_groups_profiles.xml
https://cosmatica.org/section/1-sistemonomija.html,section-item,not_found_404,xml:sitemap_content_section.xml
https://cosmatica.org/users/111,profile,not_found_404,xml:sitemap_users_profiles.xml
https://cosmatica.org/users/112,profile,not_found_404,xml:sitemap_users_profiles.xml
https://cosmatica.org/users/117,profile,not_found_404,xml:sitemap_users_profiles.xml
https://cosmatica.org/users/125,profile,not_found_404,xml:sitemap_users_profiles.xml
https://cosmatica.org/users/128,profile,not_found_404,xml:sitemap_users_profiles.xml
https://cosmatica.org/users/129,profile,not_found_404,xml:sitemap_users_profiles.xml
https://cosmatica.org/users/134,profile,not_found_404,xml:sitemap_users_profiles.xml
https://cosmatica.org/users/141,profile,not_found_404,xml:sitemap_users_profiles.xml
https://cosmatica.org/users/146,profile,not_found_404,xml:sitemap_users_profiles.xml
https://cosmatica.org/users/15,profile,not_found_404,xml:sitemap_users_profiles.xml
https://cosmatica.org/users/150,profile,not_found_404,xml:sitemap_users_profiles.xml
https://cosmatica.org/users/153,profile,not_found_404,xml:sitemap_users_profiles.xml
https://cosmatica.org/users/16,profile,not_found_404,xml:sitemap_users_profiles.xml
https://cosmatica.org/users/163,profile,not_found_404,xml:sitemap_users_profiles.xml
https://cosmatica.org/users/166,profile,not_found_404,xml:sitemap_users_profiles.xml
https://cosmatica.org/users/177,profile,not_found_404,xml:sitemap_users_profiles.xml
https://cosmatica.org/users/184,profile,not_found_404,xml:sitemap_users_profiles.xml
https://cosmatica.org/users/188,profile,not_found_404,xml:sitemap_users_profiles.xml
https://cosmatica.org/users/190,profile,not_found_404,xml:sitemap_users_profiles.xml
https://cosmatica.org/users/192,profile,not_found_404,xml:sitemap_users_profiles.xml
https://cosmatica.org/users/198,profile,not_found_404,xml:sitemap_users_profiles.xml
https://cosmatica.org/users/199,profile,not_found_404,xml:sitemap_users_profiles.xml
https://cosmatica.org/users/2,profile,not_found_404,xml:sitemap_users_profiles.xml
https://cosmatica.org/users/200,profile,not_found_404,xml:sitemap_users_profiles.xml
https://cosmatica.org/users/201,profile,not_found_404,xml:sitemap_users_profiles.xml
https://cosmatica.org/users/203,profile,not_found_404,xml:sitemap_users_profiles.xml
https://cosmatica.org/users/204,profile,not_found_404,xml:sitemap_users_profiles.xml
https://cosmatica.org/users/205,profile,not_found_404,xml:sitemap_users_profiles.xml
https://cosmatica.org/users/207,profile,not_found_404,xml:sitemap_users_profiles.xml
https://cosmatica.org/users/208,profile,not_found_404,xml:sitemap_users_profiles.xml
https://cosmatica.org/users/215,profile,not_found_404,xml:sitemap_users_profiles.xml
https://cosmatica.org/users/216,profile,not_found_404,xml:sitemap_users_profiles.xml
https://cosmatica.org/users/217,profile,not_found_404,xml:sitemap_users_profiles.xml
https://cosmatica.org/users/222,profile,not_found_404,xml:sitemap_users_profiles.xml
https://cosmatica.org/users/233,profile,not_found_404,xml:sitemap_users_profiles.xml
https://cosmatica.org/users/234,profile,not_found_404,xml:sitemap_users_profiles.xml
https://cosmatica.org/users/244,profile,not_found_404,xml:sitemap_users_profiles.xml
https://cosmatica.org/users/246,profile,not_found_404,xml:sitemap_users_profiles.xml
https://cosmatica.org/users/247,profile,not_found_404,xml:sitemap_users_profiles.xml
https://cosmatica.org/users/249,profile,not_found_404,xml:sitemap_users_profiles.xml
https://cosmatica.org/users/252,profile,not_found_404,xml:sitemap_users_profiles.xml
https://cosmatica.org/users/254,profile,not_found_404,xml:sitemap_users_profiles.xml
https://cosmatica.org/users/269,profile,not_found_404,xml:sitemap_users_profiles.xml
https://cosmatica.org/users/27,profile,not_found_404,xml:sitemap_users_profiles.xml
https://cosmatica.org/users/270,profile,not_found_404,xml:sitemap_users_profiles.xml
https://cosmatica.org/users/272,profile,not_found_404,xml:sitemap_users_profiles.xml
https://cosmatica.org/users/278,profile,not_found_404,xml:sitemap_users_profiles.xml
https://cosmatica.org/users/28,profile,not_found_404,xml:sitemap_users_profiles.xml
https://cosmatica.org/users/286,profile,not_found_404,xml:sitemap_users_profiles.xml
https://cosmatica.org/users/292,profile,not_found_404,xml:sitemap_users_profiles.xml
https://cosmatica.org/users/293,profile,not_found_404,xml:sitemap_users_profiles.xml
https://cosmatica.org/users/299,profile,not_found_404,xml:sitemap_users_profiles.xml
https://cosmatica.org/users/305,profile,not_found_404,xml:sitemap_users_profiles.xml
https://cosmatica.org/users/308,profile,not_found_404,xml:sitemap_users_profiles.xml
https://cosmatica.org/users/312,profile,not_found_404,xml:sitemap_users_profiles.xml
https://cosmatica.org/users/313,profile,not_found_404,xml:sitemap_users_profiles.xml
https://cosmatica.org/users/32,profile,not_found_404,xml:sitemap_users_profiles.xml
https://cosmatica.org/users/327,profile,not_found_404,xml:sitemap_users_profiles.xml
https://cosmatica.org/users/33,profile,not_found_404,xml:sitemap_users_profiles.xml
https://cosmatica.org/users/331,profile,not_found_404,xml:sitemap_users_profiles.xml
https://cosmatica.org/users/334,profile,not_found_404,xml:sitemap_users_profiles.xml
https://cosmatica.org/users/336,profile,not_found_404,xml:sitemap_users_profiles.xml
https://cosmatica.org/users/341,profile,not_found_404,xml:sitemap_users_profiles.xml
https://cosmatica.org/users/342,profile,not_found_404,xml:sitemap_users_profiles.xml
https://cosmatica.org/users/343,profile,not_found_404,xml:sitemap_users_profiles.xml
https://cosmatica.org/users/344,profile,not_found_404,xml:sitemap_users_profiles.xml
https://cosmatica.org/users/352,profile,not_found_404,xml:sitemap_users_profiles.xml
https://cosmatica.org/users/360,profile,not_found_404,xml:sitemap_users_profiles.xml
https://cosmatica.org/users/364,profile,not_found_404,xml:sitemap_users_profiles.xml
https://cosmatica.org/users/367,profile,not_found_404,xml:sitemap_users_profiles.xml
https://cosmatica.org/users/370,profile,not_found_404,xml:sitemap_users_profiles.xml
https://cosmatica.org/users/373,profile,not_found_404,xml:sitemap_users_profiles.xml
https://cosmatica.org/users/376,profile,not_found_404,xml:sitemap_users_profiles.xml
https://cosmatica.org/users/380,profile,not_found_404,xml:sitemap_users_profiles.xml
https://cosmatica.org/users/392,profile,not_found_404,xml:sitemap_users_profiles.xml
https://cosmatica.org/users/405,profile,not_found_404,xml:sitemap_users_profiles.xml
https://cosmatica.org/users/406,profile,not_found_404,xml:sitemap_users_profiles.xml
https://cosmatica.org/users/409,profile,not_found_404,xml:sitemap_users_profiles.xml
https://cosmatica.org/users/410,profile,not_found_404,xml:sitemap_users_profiles.xml
https://cosmatica.org/users/413,profile,not_found_404,xml:sitemap_users_profiles.xml
https://cosmatica.org/users/414,profile,not_found_404,xml:sitemap_users_profiles.xml
https://cosmatica.org/users/415,profile,not_found_404,xml:sitemap_users_profiles.xml
https://cosmatica.org/users/422,profile,not_found_404,xml:sitemap_users_profiles.xml
https://cosmatica.org/users/425,profile,not_found_404,xml:sitemap_users_profiles.xml
https://cosmatica.org/users/426,profile,not_found_404,xml:sitemap_users_profiles.xml
https://cosmatica.org/users/429,profile,not_found_404,xml:sitemap_users_profiles.xml
https://cosmatica.org/users/434,profile,not_found_404,xml:sitemap_users_profiles.xml
https://cosmatica.org/users/436,profile,not_found_404,xml:sitemap_users_profiles.xml
https://cosmatica.org/users/440,profile,not_found_404,xml:sitemap_users_profiles.xml
https://cosmatica.org/users/441,profile,not_found_404,xml:sitemap_users_profiles.xml
https://cosmatica.org/users/442,profile,not_found_404,xml:sitemap_users_profiles.xml
https://cosmatica.org/users/443,profile,not_found_404,xml:sitemap_users_profiles.xml
https://cosmatica.org/users/444,profile,not_found_404,xml:sitemap_users_profiles.xml
https://cosmatica.org/users/446,profile,not_found_404,xml:sitemap_users_profiles.xml
https://cosmatica.org/users/447,profile,not_found_404,xml:sitemap_users_profiles.xml
https://cosmatica.org/users/448,profile,not_found_404,xml:sitemap_users_profiles.xml
https://cosmatica.org/users/450,profile,not_found_404,xml:sitemap_users_profiles.xml
https://cosmatica.org/users/451,profile,not_found_404,xml:sitemap_users_profiles.xml
https://cosmatica.org/users/452,profile,not_found_404,xml:sitemap_users_profiles.xml
https://cosmatica.org/users/453,profile,not_found_404,xml:sitemap_users_profiles.xml
https://cosmatica.org/users/454,profile,not_found_404,xml:sitemap_users_profiles.xml
https://cosmatica.org/users/460,profile,not_found_404,xml:sitemap_users_profiles.xml
https://cosmatica.org/users/462,profile,not_found_404,xml:sitemap_users_profiles.xml
https://cosmatica.org/users/466,profile,not_found_404,xml:sitemap_users_profiles.xml
https://cosmatica.org/users/467,profile,not_found_404,xml:sitemap_users_profiles.xml
https://cosmatica.org/users/468,profile,not_found_404,xml:sitemap_users_profiles.xml
https://cosmatica.org/users/469,profile,not_found_404,xml:sitemap_users_profiles.xml
https://cosmatica.org/users/47,profile,not_found_404,xml:sitemap_users_profiles.xml
https://cosmatica.org/users/472,profile,not_found_404,xml:sitemap_users_profiles.xml
https://cosmatica.org/users/473,profile,not_found_404,xml:sitemap_users_profiles.xml
https://cosmatica.org/users/475,profile,not_found_404,xml:sitemap_users_profiles.xml
https://cosmatica.org/users/476,profile,not_found_404,xml:sitemap_users_profiles.xml
https://cosmatica.org/users/477,profile,not_found_404,xml:sitemap_users_profiles.xml
https://cosmatica.org/users/478,profile,not_found_404,xml:sitemap_users_profiles.xml
https://cosmatica.org/users/482,profile,not_found_404,xml:sitemap_users_profiles.xml
https://cosmatica.org/users/484,profile,not_found_404,xml:sitemap_users_profiles.xml
https://cosmatica.org/users/487,profile,not_found_404,xml:sitemap_users_profiles.xml
https://cosmatica.org/users/489,profile,not_found_404,xml:sitemap_users_profiles.xml
https://cosmatica.org/users/490,profile,not_found_404,xml:sitemap_users_profiles.xml
https://cosmatica.org/users/491,profile,not_found_404,xml:sitemap_users_profiles.xml
https://cosmatica.org/users/492,profile,not_found_404,xml:sitemap_users_profiles.xml
https://cosmatica.org/users/493,profile,not_found_404,xml:sitemap_users_profiles.xml
https://cosmatica.org/users/497,profile,not_found_404,xml:sitemap_users_profiles.xml
https://cosmatica.org/users/499,profile,not_found_404,xml:sitemap_users_profiles.xml
https://cosmatica.org/users/500,profile,not_found_404,xml:sitemap_users_profiles.xml
https://cosmatica.org/users/502,profile,not_found_404,xml:sitemap_users_profiles.xml
https://cosmatica.org/users/503,profile,not_found_404,xml:sitemap_users_profiles.xml
https://cosmatica.org/users/504,profile,not_found_404,xml:sitemap_users_profiles.xml
https://cosmatica.org/users/505,profile,not_found_404,xml:sitemap_users_profiles.xml
https://cosmatica.org/users/506,profile,not_found_404,xml:sitemap_users_profiles.xml
https://cosmatica.org/users/508,profile,not_found_404,xml:sitemap_users_profiles.xml
https://cosmatica.org/users/509,profile,not_found_404,xml:sitemap_users_profiles.xml
https://cosmatica.org/users/512,profile,not_found_404,xml:sitemap_users_profiles.xml
https://cosmatica.org/users/514,profile,not_found_404,xml:sitemap_users_profiles.xml
https://cosmatica.org/users/516,profile,not_found_404,xml:sitemap_users_profiles.xml
https://cosmatica.org/users/517,profile,not_found_404,xml:sitemap_users_profiles.xml
https://cosmatica.org/users/518,profile,not_found_404,xml:sitemap_users_profiles.xml
https://cosmatica.org/users/520,profile,not_found_404,xml:sitemap_users_profiles.xml
https://cosmatica.org/users/521,profile,not_found_404,xml:sitemap_users_profiles.xml
https://cosmatica.org/users/522,profile,not_found_404,xml:sitemap_users_profiles.xml
https://cosmatica.org/users/523,profile,not_found_404,xml:sitemap_users_profiles.xml
https://cosmatica.org/users/524,profile,not_found_404,xml:sitemap_users_profiles.xml
https://cosmatica.org/users/525,profile,not_found_404,xml:sitemap_users_profiles.xml
https://cosmatica.org/users/526,profile,not_found_404,xml:sitemap_users_profiles.xml
https://cosmatica.org/users/527,profile,not_found_404,xml:sitemap_users_profiles.xml
https://cosmatica.org/users/528,profile,not_found_404,xml:sitemap_users_profiles.xml
https://cosmatica.org/users/529,profile,not_found_404,xml:sitemap_users_profiles.xml
https://cosmatica.org/users/530,profile,not_found_404,xml:sitemap_users_profiles.xml
https://cosmatica.org/users/532,profile,not_found_404,xml:sitemap_users_profiles.xml
https://cosmatica.org/users/535,profile,not_found_404,xml:sitemap_users_profiles.xml
https://cosmatica.org/users/536,profile,not_found_404,xml:sitemap_users_profiles.xml
https://cosmatica.org/users/537,profile,not_found_404,xml:sitemap_users_profiles.xml
https://cosmatica.org/users/539,profile,not_found_404,xml:sitemap_users_profiles.xml
https://cosmatica.org/users/54,profile,not_found_404,xml:sitemap_users_profiles.xml
https://cosmatica.org/users/540,profile,not_found_404,xml:sitemap_users_profiles.xml
https://cosmatica.org/users/541,profile,not_found_404,xml:sitemap_users_profiles.xml
https://cosmatica.org/users/542,profile,not_found_404,xml:sitemap_users_profiles.xml
https://cosmatica.org/users/544,profile,not_found_404,xml:sitemap_users_profiles.xml
https://cosmatica.org/users/545,profile,not_found_404,xml:sitemap_users_profiles.xml
https://cosmatica.org/users/546,profile,not_found_404,xml:sitemap_users_profiles.xml
https://cosmatica.org/users/547,profile,not_found_404,xml:sitemap_users_profiles.xml
https://cosmatica.org/users/549,profile,not_found_404,xml:sitemap_users_profiles.xml
https://cosmatica.org/users/55,profile,not_found_404,xml:sitemap_users_profiles.xml
https://cosmatica.org/users/551,profile,not_found_404,xml:sitemap_users_profiles.xml
https://cosmatica.org/users/552,profile,not_found_404,xml:sitemap_users_profiles.xml
https://cosmatica.org/users/553,profile,not_found_404,xml:sitemap_users_profiles.xml
https://cosmatica.org/users/554,profile,not_found_404,xml:sitemap_users_profiles.xml
https://cosmatica.org/users/555,profile,not_found_404,xml:sitemap_users_profiles.xml
https://cosmatica.org/users/556,profile,not_found_404,xml:sitemap_users_profiles.xml
https://cosmatica.org/users/557,profile,not_found_404,xml:sitemap_users_profiles.xml
https://cosmatica.org/users/558,profile,not_found_404,xml:sitemap_users_profiles.xml
https://cosmatica.org/users/559,profile,not_found_404,xml:sitemap_users_profiles.xml
https://cosmatica.org/users/56,profile,not_found_404,xml:sitemap_users_profiles.xml
https://cosmatica.org/users/560,profile,not_found_404,xml:sitemap_users_profiles.xml
https://cosmatica.org/users/561,profile,not_found_404,xml:sitemap_users_profiles.xml
https://cosmatica.org/users/562,profile,not_found_404,xml:sitemap_users_profiles.xml
https://cosmatica.org/users/563,profile,not_found_404,xml:sitemap_users_profiles.xml
https://cosmatica.org/users/564,profile,not_found_404,xml:sitemap_users_profiles.xml
https://cosmatica.org/users/565,profile,not_found_404,xml:sitemap_users_profiles.xml
https://cosmatica.org/users/566,profile,not_found_404,xml:sitemap_users_profiles.xml
https://cosmatica.org/users/567,profile,not_found_404,xml:sitemap_users_profiles.xml
https://cosmatica.org/users/568,profile,not_found_404,xml:sitemap_users_profiles.xml
https://cosmatica.org/users/569,profile,not_found_404,xml:sitemap_users_profiles.xml
https://cosmatica.org/users/57,profile,not_found_404,xml:sitemap_users_profiles.xml
https://cosmatica.org/users/570,profile,not_found_404,xml:sitemap_users_profiles.xml
https://cosmatica.org/users/571,profile,not_found_404,xml:sitemap_users_profiles.xml
https://cosmatica.org/users/572,profile,not_found_404,xml:sitemap_users_profiles.xml
https://cosmatica.org/users/573,profile,not_found_404,xml:sitemap_users_profiles.xml
https://cosmatica.org/users/576,profile,not_found_404,xml:sitemap_users_profiles.xml
https://cosmatica.org/users/577,profile,not_found_404,xml:sitemap_users_profiles.xml
https://cosmatica.org/users/578,profile,not_found_404,xml:sitemap_users_profiles.xml
https://cosmatica.org/users/579,profile,not_found_404,xml:sitemap_users_profiles.xml
https://cosmatica.org/users/58,profile,not_found_404,xml:sitemap_users_profiles.xml
https://cosmatica.org/users/580,profile,not_found_404,xml:sitemap_users_profiles.xml
https://cosmatica.org/users/582,profile,not_found_404,xml:sitemap_users_profiles.xml
https://cosmatica.org/users/583,profile,not_found_404,xml:sitemap_users_profiles.xml
https://cosmatica.org/users/586,profile,not_found_404,xml:sitemap_users_profiles.xml
https://cosmatica.org/users/587,profile,not_found_404,xml:sitemap_users_profiles.xml
https://cosmatica.org/users/588,profile,not_found_404,xml:sitemap_users_profiles.xml
https://cosmatica.org/users/589,profile,not_found_404,xml:sitemap_users_profiles.xml
https://cosmatica.org/users/59,profile,not_found_404,xml:sitemap_users_profiles.xml
https://cosmatica.org/users/593,profile,not_found_404,xml:sitemap_users_profiles.xml
https://cosmatica.org/users/597,profile,not_found_404,xml:sitemap_users_profiles.xml
https://cosmatica.org/users/603,profile,not_found_404,xml:sitemap_users_profiles.xml
https://cosmatica.org/users/61,profile,not_found_404,xml:sitemap_users_profiles.xml
https://cosmatica.org/users/612,profile,not_found_404,xml:sitemap_users_profiles.xml
https://cosmatica.org/users/619,profile,not_found_404,xml:sitemap_users_profiles.xml
https://cosmatica.org/users/621,profile,not_found_404,xml:sitemap_users_profiles.xml
https://cosmatica.org/users/624,profile,not_found_404,xml:sitemap_users_profiles.xml
https://cosmatica.org/users/628,profile,not_found_404,xml:sitemap_users_profiles.xml
https://cosmatica.org/users/632,profile,not_found_404,xml:sitemap_users_profiles.xml
https://cosmatica.org/users/633,profile,not_found_404,xml:sitemap_users_profiles.xml
https://cosmatica.org/users/635,profile,not_found_404,xml:sitemap_users_profiles.xml
https://cosmatica.org/users/636,profile,not_found_404,xml:sitemap_users_profiles.xml
https://cosmatica.org/users/64,profile,not_found_404,xml:sitemap_users_profiles.xml
https://cosmatica.org/users/646,profile,not_found_404,xml:sitemap_users_profiles.xml
https://cosmatica.org/users/658,profile,not_found_404,xml:sitemap_users_profiles.xml
https://cosmatica.org/users/660,profile,not_found_404,xml:sitemap_users_profiles.xml
https://cosmatica.org/users/667,profile,not_found_404,xml:sitemap_users_profiles.xml
https://cosmatica.org/users/67,profile,not_found_404,xml:sitemap_users_profiles.xml
https://cosmatica.org/users/671,profile,not_found_404,xml:sitemap_users_profiles.xml
https://cosmatica.org/users/677,profile,not_found_404,xml:sitemap_users_profiles.xml
https://cosmatica.org/users/682,profile,not_found_404,xml:sitemap_users_profiles.xml
https://cosmatica.org/users/686,profile,not_found_404,xml:sitemap_users_profiles.xml
https://cosmatica.org/users/687,profile,not_found_404,xml:sitemap_users_profiles.xml
https://cosmatica.org/users/691,profile,not_found_404,xml:sitemap_users_profiles.xml
https://cosmatica.org/users/696,profile,not_found_404,xml:sitemap_users_profiles.xml
https://cosmatica.org/users/697,profile,not_found_404,xml:sitemap_users_profiles.xml
https://cosmatica.org/users/703,profile,not_found_404,xml:sitemap_users_profiles.xml
https://cosmatica.org/users/715,profile,not_found_404,xml:sitemap_users_profiles.xml
https://cosmatica.org/users/717,profile,not_found_404,xml:sitemap_users_profiles.xml
https://cosmatica.org/users/729,profile,not_found_404,xml:sitemap_users_profiles.xml
https://cosmatica.org/users/73,profile,soft_missing_no_public_profile,xml:sitemap_users_profiles.xml
https://cosmatica.org/users/730,profile,not_found_404,xml:sitemap_users_profiles.xml
https://cosmatica.org/users/735,profile,not_found_404,xml:sitemap_users_profiles.xml
https://cosmatica.org/users/736,profile,not_found_404,xml:sitemap_users_profiles.xml
https://cosmatica.org/users/740,profile,not_found_404,xml:sitemap_users_profiles.xml
https://cosmatica.org/users/743,profile,not_found_404,xml:sitemap_users_profiles.xml
https://cosmatica.org/users/744,profile,not_found_404,xml:sitemap_users_profiles.xml
https://cosmatica.org/users/747,profile,not_found_404,xml:sitemap_users_profiles.xml
https://cosmatica.org/users/752,profile,not_found_404,xml:sitemap_users_profiles.xml
https://cosmatica.org/users/758,profile,not_found_404,xml:sitemap_users_profiles.xml
https://cosmatica.org/users/761,profile,not_found_404,xml:sitemap_users_profiles.xml
https://cosmatica.org/users/765,profile,not_found_404,xml:sitemap_users_profiles.xml
https://cosmatica.org/users/767,profile,not_found_404,xml:sitemap_users_profiles.xml
https://cosmatica.org/users/768,profile,not_found_404,xml:sitemap_users_profiles.xml
https://cosmatica.org/users/769,profile,not_found_404,xml:sitemap_users_profiles.xml
https://cosmatica.org/users/771,profile,not_found_404,xml:sitemap_users_profiles.xml
https://cosmatica.org/users/778,profile,not_found_404,xml:sitemap_users_profiles.xml
https://cosmatica.org/users/779,profile,not_found_404,xml:sitemap_users_profiles.xml
https://cosmatica.org/users/781,profile,not_found_404,xml:sitemap_users_profiles.xml
https://cosmatica.org/users/783,profile,not_found_404,xml:sitemap_users_profiles.xml
https://cosmatica.org/users/784,profile,not_found_404,xml:sitemap_users_profiles.xml
https://cosmatica.org/users/787,profile,not_found_404,xml:sitemap_users_profiles.xml
https://cosmatica.org/users/792,profile,not_found_404,xml:sitemap_users_profiles.xml
https://cosmatica.org/users/82,profile,not_found_404,xml:sitemap_users_profiles.xml
https://cosmatica.org/users/83,profile,not_found_404,xml:sitemap_users_profiles.xml
https://cosmatica.org/users/84,profile,not_found_404,xml:sitemap_users_profiles.xml
https://cosmatica.org/users/85,profile,not_found_404,xml:sitemap_users_profiles.xml
https://cosmatica.org/users/87,profile,not_found_404,xml:sitemap_users_profiles.xml
https://cosmatica.org/users/9,profile,not_found_404,xml:sitemap_users_profiles.xml
https://cosmatica.org/users/91,profile,not_found_404,xml:sitemap_users_profiles.xml
https://cosmatica.org/users/93,profile,not_found_404,xml:sitemap_users_profiles.xml
https://cosmatica.org/users/97,profile,not_found_404,xml:sitemap_users_profiles.xml
https://cosmatica.org/articles/1123-udivitelnye-griby-2-serija.html,article,unresolved_missing_snapshot,public-listing-card
https://cosmatica.org/articles/1124-semena-svobody.html,article,unresolved_missing_snapshot,public-listing-card
https://cosmatica.org/articles/1167-nacionalnye-kosmicheskie-obschestva-kak-centry-kosmoplanetarnoi-socialnoi-pedagogiki.html,article,unresolved_missing_snapshot,public-listing-card
https://cosmatica.org/articles/1168-russkoe-kosmicheskoe-obschestvo-obschaja.html,article,unresolved_missing_snapshot,public-listing-card
https://cosmatica.org/articles/1330-ekofilosofskaja-determinacija-prostranstva-kultury-noosfernogo-goroda.html,article,unresolved_missing_snapshot,public-listing-card
https://cosmatica.org/articles/1432-grjaduschii-noosfernyi-sintez-nauki-i-vlasti-kak-imperativ.html,article,unresolved_missing_snapshot,public-listing-card
https://cosmatica.org/articles/1433-pervaja-faza-globalnoi-ekologicheskoi-katastrofy.html,article,unresolved_missing_snapshot,public-listing-card
https://cosmatica.org/articles/1434-noosfernyi-socializm-kak-socialno-ekonomicheskaja-organizacija-razvitija-obschestva.html,article,unresolved_missing_snapshot,public-listing-card
https://cosmatica.org/articles/1435-zavisimost-buduschego-kosmicheskogo-proryva-chelovechestva-ot.html,article,unresolved_missing_snapshot,public-listing-card
https://cosmatica.org/articles/1437-12-novaja-noosfernaja-ideologija-i-ideal-buduschego.html,article,unresolved_missing_snapshot,public-listing-card
https://cosmatica.org/articles/1438-13-strategija-evolyucionnogo-proryva-rossii-i-chelovechestva-v-xxi-veke-i-noosferizm.html,article,unresolved_missing_snapshot,public-listing-card
